<?xml version="1.0"?>
<doc>
    <assembly>
        <name>CSChatworkAPI</name>
    </assembly>
    <members>
        <member name="T:CSChatworkAPI.ChatworkClient">
            <summary>
            Chatwork Client
            </summary>
        </member>
        <member name="M:CSChatworkAPI.ChatworkClient.#ctor(System.String)">
            <summary>
            ChatworkClient
            </summary>
            <param name="apiToken"></param>
        </member>
        <member name="M:CSChatworkAPI.ChatworkClient.GetMe">
            <summary>
            自分自身の情報を取得
            </summary>
            <returns>自分自身の情報</returns>
        </member>
        <member name="M:CSChatworkAPI.ChatworkClient.GetStatus">
            <summary>
            自分の未読数、未読To数、未完了タスク数を返す
            </summary>
            <returns>自分の状態</returns>
        </member>
        <member name="M:CSChatworkAPI.ChatworkClient.GetTasks(System.String,System.Collections.Generic.IEnumerable{System.String})">
            <summary>
            自分のタスク一覧を取得する。(※100件まで取得可能。今後、より多くのデータを取得する為のページネーションの仕組みを提供予定)
            </summary>
            <param name="assigned_by_account_id">タスクの依頼者のアカウントID</param>
            <param name="statuses">タスクのステータス</param>
            <returns>自分のタスク一覧</returns>
        </member>
        <member name="M:CSChatworkAPI.ChatworkClient.GetContacts">
            <summary>
            自分のコンタクト一覧を取得
            </summary>
            <returns>自分のコンタクト一覧</returns>
        </member>
        <member name="M:CSChatworkAPI.ChatworkClient.GetRooms">
            <summary>
            自分のチャット一覧の取得
            </summary>
        </member>
        <member name="M:CSChatworkAPI.ChatworkClient.AddRoom(System.String,System.String,System.Collections.Generic.IEnumerable{System.String},System.Collections.Generic.IEnumerable{System.String},System.Collections.Generic.IEnumerable{System.String},System.String)">
            <summary>
            グループチャットを新規作成
            </summary>
        </member>
        <member name="M:CSChatworkAPI.ChatworkClient.GetRoom(System.String)">
            <summary>
            チャットの名前、アイコン、種類(my/direct/group)を取得
            </summary>
        </member>
        <member name="M:CSChatworkAPI.ChatworkClient.UpdateRoom(System.String,System.String,System.String,System.String)">
            <summary>
            チャットの名前、アイコンをアップデート
            </summary>
            <param name="roomId">ルームId</param>
            <param name="description">グループチャットの概要説明テキスト</param>
            <param name="iconPreset">グループチャットのアイコン種類</param>
            <param name="name">グループチャットのチャット名</param>
            <returns>ルームId</returns>
        </member>
        <member name="M:CSChatworkAPI.ChatworkClient.LeaveRoom(System.String)">
            <summary>
            グループチャットを退席する
            </summary>
            <param name="roomId">ルームId</param>
        </member>
        <member name="M:CSChatworkAPI.ChatworkClient.DeleteRoom(System.String)">
            <summary>
            グループチャットを削除する
            </summary>
        </member>
        <member name="M:CSChatworkAPI.ChatworkClient.GetRoomMembers(System.String)">
            <summary>
            チャットのメンバー一覧を取得
            </summary>
        </member>
        <member name="M:CSChatworkAPI.ChatworkClient.UpdateRoomMembers(System.String,System.Collections.Generic.IEnumerable{System.String},System.Collections.Generic.IEnumerable{System.String},System.Collections.Generic.IEnumerable{System.String})">
            <summary>
            チャットのメンバーを一括変更
            </summary>
            <param name="roomId">ルームId</param>
            <param name="membersAdminIds">作成したチャットに参加メンバーのうち、管理者権限にしたいユーザーのアカウントIDの配列。最低1人は指定する必要がある。</param>
            <param name="membersMemberIds">作成したチャットに参加メンバーのうち、メンバー権限にしたいユーザーのアカウントIDの配列。</param>
            <param name="membersReadonlyIds">作成したチャットに参加メンバーのうち、閲覧のみ権限にしたいユーザーのアカウントIDの配列。</param>
            <returns>一括変更結果</returns>
        </member>
        <member name="M:CSChatworkAPI.ChatworkClient.GetMessages(System.String,System.Boolean)">
            <summary>
            チャットのメッセージ一覧を取得。パラメータ未指定だと前回取得分からの差分のみを返します。(最大100件まで取得)
            </summary>
            <param name="roomId">ルームId</param>
            <param name="force">
            <para>未取得にかかわらず最新の100件を取得するか</para>
            <para>1を指定すると未取得にかかわらず最新の100件を取得します（デフォルトは0）</para>
            </param>
            <returns>チャットのメッセージ一覧</returns>
        </member>
        <member name="M:CSChatworkAPI.ChatworkClient.SendMessage(System.String,System.String)">
            <summary>
            チャットに新しいメッセージを追加
            </summary>
            <param name="roomId">ルームId</param>
            <param name="messageBody">新しいメッセージ</param>
            <returns>新しいメッセージId</returns>
        </member>
        <member name="M:CSChatworkAPI.ChatworkClient.GetMessage(System.String,System.String)">
            <summary>
            メッセージ情報を取得
            </summary>
            <param name="roomId">ルームId</param>
            <param name="messageId">メッセージId</param>
            <returns>メッセージ</returns>
        </member>
        <member name="M:CSChatworkAPI.ChatworkClient.GetTasks(System.String,System.String,System.String,System.String)">
            <summary>
            チャットのタスク一覧を取得 (※100件まで取得可能。今後、より多くのデータを取得する為のページネーションの仕組みを提供予定)
            </summary>
            <param name="roomId">ルームId</param>
            <param name="accountId">タスクの担当者のアカウントID</param>
            <param name="assignedByAccountId">タスクの依頼者のアカウントID</param>
            <param name="status">
            <para>タスクのステータス</para>
            <para>正しい値の一覧：open, done</para>
            </param>
            <returns></returns>
        </member>
        <member name="M:CSChatworkAPI.ChatworkClient.AddTask(System.String,System.String,System.Nullable{System.DateTime},System.Collections.Generic.IEnumerable{System.String})">
            <summary>
            チャットに新しいタスクを追加
            </summary>
            <param name="roomId">ルームId</param>
            <param name="body">タスクの内容</param>
            <param name="limit">タスクの期限</param>
            <param name="toIds">
            <para>担当者のアカウントID</para>
            <para>担当者のアカウントIDをカンマ区切りで</para>
            <para>※リストはカンマ区切りで複数の値を指定してください</para>
            </param>
            <returns>新しいタスクId</returns>
        </member>
        <member name="M:CSChatworkAPI.ChatworkClient.GetTask(System.String,System.String)">
            <summary>
            タスク情報を取得
            </summary>
            <param name="roomId">ルームId</param>
            <param name="taskId">タスクId</param>
            <returns>タスク情報</returns>
        </member>
        <member name="M:CSChatworkAPI.ChatworkClient.GetFiles(System.String,System.String)">
            <summary>
            チャットのファイル一覧を取得 (※100件まで取得可能。今後、より多くのデータを取得する為のページネーションの仕組みを提供予定)
            </summary>
            <param name="roomId">ルームId</param>
            <param name="accountId">アップロードしたユーザーのアカウントID</param>
            <returns>ファイル情報一覧</returns>
        </member>
        <member name="M:CSChatworkAPI.ChatworkClient.GetFile(System.String,System.String,System.Boolean)">
            <summary>
            ファイル情報を取得
            </summary>
            <param name="roomId">ルームId</param>
            <param name="fileId">ファイルId</param>
            <param name="createDownloadUrl">
            <para>ダウンロードする為のURLを生成するか</para>
            <para>30秒間だけダウンロード可能なURLを生成します</para>
            </param>
            <returns>ファイル情報</returns>
        </member>
        <member name="T:CSChatworkAPI.Extensions.DateTimeExtensions">
            <summary>
            DateTimeExtensions
            </summary>
            <remarks>
            http://tech.tanaka733.net/entry/chatwork-api-csharp-with-pcl
            http://blog.ch3cooh.jp/entry/20130225/1361776951
            </remarks>
        </member>
        <member name="M:CSChatworkAPI.Extensions.DateTimeExtensions.ToUnixTime(System.DateTime)">
            <summary>
            Convert to UnixTime
            </summary>
        </member>
        <member name="M:CSChatworkAPI.Extensions.DateTimeExtensions.ToDateTime(System.Int64)">
            <summary>
            Convert to DateTime
            </summary>
        </member>
        <member name="T:CSChatworkAPI.Extensions.DateTimeExtensions.UnixDateTimeConverter">
            <summary>
            UnixDateTimeConverter
            </summary>
        </member>
        <member name="M:CSChatworkAPI.Extensions.DateTimeExtensions.UnixDateTimeConverter.ReadJson(Newtonsoft.Json.JsonReader,System.Type,System.Object,Newtonsoft.Json.JsonSerializer)">
            <summary>
            ReadJson
            </summary>
        </member>
        <member name="M:CSChatworkAPI.Extensions.DateTimeExtensions.UnixDateTimeConverter.WriteJson(Newtonsoft.Json.JsonWriter,System.Object,Newtonsoft.Json.JsonSerializer)">
            <summary>
            WriteJson
            </summary>
        </member>
        <member name="T:CSChatworkAPI.Models.Account">
            <summary>
            Account
            </summary>
        </member>
        <member name="P:CSChatworkAPI.Models.Account.AccountId">
            <summary>
            account_id
            </summary>
        </member>
        <member name="P:CSChatworkAPI.Models.Account.Name">
            <summary>
            name
            </summary>
        </member>
        <member name="P:CSChatworkAPI.Models.Account.AvatarImageUrl">
            <summary>
            avatar_image_url
            </summary>
        </member>
        <member name="M:CSChatworkAPI.Models.Account.ToString">
            <summary>
            formatting members
            </summary>
        </member>
        <member name="T:CSChatworkAPI.Models.Contact">
            <summary>
            Contact
            </summary>
        </member>
        <member name="P:CSChatworkAPI.Models.Contact.AccountId">
            <summary>
            account_id
            </summary>
        </member>
        <member name="P:CSChatworkAPI.Models.Contact.RoomId">
            <summary>
            room_id
            </summary>
        </member>
        <member name="P:CSChatworkAPI.Models.Contact.Name">
            <summary>
            name
            </summary>
        </member>
        <member name="P:CSChatworkAPI.Models.Contact.ChatworkId">
            <summary>
            chatwork_id
            </summary>
        </member>
        <member name="P:CSChatworkAPI.Models.Contact.OrganizationId">
            <summary>
            organization_id
            </summary>
        </member>
        <member name="P:CSChatworkAPI.Models.Contact.OrganizationName">
            <summary>
            organization_name
            </summary>
        </member>
        <member name="P:CSChatworkAPI.Models.Contact.Department">
            <summary>
            department
            </summary>
        </member>
        <member name="P:CSChatworkAPI.Models.Contact.AvatarImageUrl">
            <summary>
            avatar_image_url
            </summary>
        </member>
        <member name="M:CSChatworkAPI.Models.Contact.ToString">
            <summary>
            formatting members
            </summary>
        </member>
        <member name="T:CSChatworkAPI.Models.File">
            <summary>
            File
            </summary>
        </member>
        <member name="P:CSChatworkAPI.Models.File.FileId">
            <summary>
            file_id
            </summary>
        </member>
        <member name="P:CSChatworkAPI.Models.File.Account">
            <summary>
            account
            </summary>
        </member>
        <member name="P:CSChatworkAPI.Models.File.MessageId">
            <summary>
            message_id
            </summary>
        </member>
        <member name="P:CSChatworkAPI.Models.File.Filename">
            <summary>
            filename
            </summary>
        </member>
        <member name="P:CSChatworkAPI.Models.File.FileSize">
            <summary>
            filesize
            </summary>
        </member>
        <!-- 正しくない形式の XML コメントがメンバー "P:CSChatworkAPI.Models.File.UploadTime" で無視されました -->
        <member name="M:CSChatworkAPI.Models.File.ToString">
            <summary>
            formatting members
            </summary>
        </member>
        <member name="T:CSChatworkAPI.Models.Me">
            <summary>
            Me
            </summary>
        </member>
        <member name="P:CSChatworkAPI.Models.Me.AccountId">
            <summary>
            account_id
            </summary>
        </member>
        <member name="P:CSChatworkAPI.Models.Me.RoomId">
            <summary>
            room_id
            </summary>
        </member>
        <member name="P:CSChatworkAPI.Models.Me.Name">
            <summary>
            name
            </summary>
        </member>
        <member name="P:CSChatworkAPI.Models.Me.ChatworkId">
            <summary>
            chatwork_id
            </summary>
        </member>
        <member name="P:CSChatworkAPI.Models.Me.OrganizationId">
            <summary>
            organization_id
            </summary>
        </member>
        <member name="P:CSChatworkAPI.Models.Me.OrganizationName">
            <summary>
            organization_name
            </summary>
        </member>
        <member name="P:CSChatworkAPI.Models.Me.Department">
            <summary>
            department
            </summary>
        </member>
        <member name="P:CSChatworkAPI.Models.Me.Title">
            <summary>
            title
            </summary>
        </member>
        <member name="P:CSChatworkAPI.Models.Me.Url">
            <summary>
            url
            </summary>
        </member>
        <member name="P:CSChatworkAPI.Models.Me.Introduction">
            <summary>
            introduction
            </summary>
        </member>
        <member name="P:CSChatworkAPI.Models.Me.Mail">
            <summary>
            mail
            </summary>
        </member>
        <member name="P:CSChatworkAPI.Models.Me.TelOrganization">
            <summary>
            tel_organization
            </summary>
        </member>
        <member name="P:CSChatworkAPI.Models.Me.TelExtension">
            <summary>
            tel_extension
            </summary>
        </member>
        <member name="P:CSChatworkAPI.Models.Me.TelMobile">
            <summary>
            tel_mobile
            </summary>
        </member>
        <member name="P:CSChatworkAPI.Models.Me.Skype">
            <summary>
            skype
            </summary>
        </member>
        <member name="P:CSChatworkAPI.Models.Me.Facebook">
            <summary>
            facebook
            </summary>
        </member>
        <member name="P:CSChatworkAPI.Models.Me.Twitter">
            <summary>
            twitter
            </summary>
        </member>
        <member name="P:CSChatworkAPI.Models.Me.AvatarImageUrl">
            <summary>
            avatar_image_url
            </summary>
        </member>
        <member name="M:CSChatworkAPI.Models.Me.ToString">
            <summary>
            formatting members
            </summary>
        </member>
        <member name="T:CSChatworkAPI.Models.Member">
            <summary>
            Member
            </summary>
        </member>
        <member name="P:CSChatworkAPI.Models.Member.AccountId">
            <summary>
            account_id
            </summary>
        </member>
        <member name="P:CSChatworkAPI.Models.Member.Role">
            <summary>
            role
            </summary>
        </member>
        <member name="P:CSChatworkAPI.Models.Member.Name">
            <summary>
            name
            </summary>
        </member>
        <member name="P:CSChatworkAPI.Models.Member.ChatworkId">
            <summary>
            chatwork_id
            </summary>
        </member>
        <member name="P:CSChatworkAPI.Models.Member.OrganizationId">
            <summary>
            organization_id
            </summary>
        </member>
        <member name="P:CSChatworkAPI.Models.Member.OrganizationName">
            <summary>
            organization_name
            </summary>
        </member>
        <member name="P:CSChatworkAPI.Models.Member.Department">
            <summary>
            department
            </summary>
        </member>
        <member name="P:CSChatworkAPI.Models.Member.AvatarImageUrl">
            <summary>
            avatar_image_url
            </summary>
        </member>
        <member name="M:CSChatworkAPI.Models.Member.ToString">
            <summary>
            formatting members
            </summary>
        </member>
        <member name="T:CSChatworkAPI.Models.MemberRoles">
            <summary>
            MemberRoles
            </summary>
        </member>
        <member name="P:CSChatworkAPI.Models.MemberRoles.Admin">
            <summary>
            admin
            </summary>
        </member>
        <member name="P:CSChatworkAPI.Models.MemberRoles.Member">
            <summary>
            member
            </summary>
        </member>
        <member name="P:CSChatworkAPI.Models.MemberRoles.Readonly">
            <summary>
            @readonly
            </summary>
        </member>
        <member name="M:CSChatworkAPI.Models.MemberRoles.ToString">
            <summary>
            formatting members
            </summary>
        </member>
        <member name="T:CSChatworkAPI.Models.Message">
            <summary>
            Message
            </summary>
        </member>
        <member name="P:CSChatworkAPI.Models.Message.MessageId">
            <summary>
            message_id
            </summary>
        </member>
        <member name="P:CSChatworkAPI.Models.Message.Account">
            <summary>
            account
            </summary>
        </member>
        <member name="P:CSChatworkAPI.Models.Message.Body">
            <summary>
            body
            </summary>
        </member>
        <member name="P:CSChatworkAPI.Models.Message.SendTime">
            <summary>
            send_time
            </summary>
        </member>
        <member name="P:CSChatworkAPI.Models.Message.UpdateTime">
            <summary>
            update_time
            </summary>
        </member>
        <member name="M:CSChatworkAPI.Models.Message.ToString">
            <summary>
            formatting members
            </summary>
        </member>
        <member name="T:CSChatworkAPI.Models.ResponseMessage">
            <summary>
            ResponseMessage
            </summary>
        </member>
        <member name="P:CSChatworkAPI.Models.ResponseMessage.MessageId">
            <summary>
            message_id
            </summary>
        </member>
        <member name="M:CSChatworkAPI.Models.ResponseMessage.ToString">
            <summary>
            formatting members
            </summary>
        </member>
        <member name="T:CSChatworkAPI.Models.ResponseTaskIds">
            <summary>
            ResponseTaskIds
            </summary>
        </member>
        <member name="P:CSChatworkAPI.Models.ResponseTaskIds.TaskIds">
            <summary>
            task_ids
            </summary>
        </member>
        <member name="M:CSChatworkAPI.Models.ResponseTaskIds.ToString">
            <summary>
            フォーマット済み文字列を返します
            </summary>
        </member>
        <member name="T:CSChatworkAPI.Models.MyStatus">
            <summary>
            MyStatus
            </summary>
        </member>
        <member name="P:CSChatworkAPI.Models.MyStatus.UnreadRoomNum">
            <summary>
            unread_room_num
            </summary>
        </member>
        <member name="P:CSChatworkAPI.Models.MyStatus.MentionRoomNum">
            <summary>
            mention_room_num
            </summary>
        </member>
        <member name="P:CSChatworkAPI.Models.MyStatus.MyTaskRoomNum">
            <summary>
            mytask_room_num
            </summary>
        </member>
        <member name="P:CSChatworkAPI.Models.MyStatus.UnreadNum">
            <summary>
            unread_num
            </summary>
        </member>
        <member name="P:CSChatworkAPI.Models.MyStatus.MentionNum">
            <summary>
            mention_num
            </summary>
        </member>
        <member name="P:CSChatworkAPI.Models.MyStatus.MyTaskNum">
            <summary>
            mytask_num
            </summary>
        </member>
        <member name="M:CSChatworkAPI.Models.MyStatus.ToString">
            <summary>
            formatting members
            </summary>
        </member>
        <member name="T:CSChatworkAPI.Models.MyTask">
            <summary>
            MyTask
            </summary>
        </member>
        <member name="P:CSChatworkAPI.Models.MyTask.TaskId">
            <summary>
            task_id
            </summary>
        </member>
        <member name="P:CSChatworkAPI.Models.MyTask.Room">
            <summary>
            room
            </summary>
        </member>
        <member name="P:CSChatworkAPI.Models.MyTask.AssignedByAccount">
            <summary>
            assigned_by_account
            </summary>
        </member>
        <member name="P:CSChatworkAPI.Models.MyTask.MessageId">
            <summary>
            message_id
            </summary>
        </member>
        <member name="P:CSChatworkAPI.Models.MyTask.Body">
            <summary>
            body
            </summary>
        </member>
        <member name="P:CSChatworkAPI.Models.MyTask.LimitTime">
            <summary>
            limit_time
            </summary>
        </member>
        <member name="P:CSChatworkAPI.Models.MyTask.Status">
            <summary>
            status
            </summary>
        </member>
        <member name="M:CSChatworkAPI.Models.MyTask.ToString">
            <summary>
            formatting members
            </summary>
        </member>
        <member name="T:CSChatworkAPI.Models.RoomInMyTask">
            <summary>
            Room
            </summary>
        </member>
        <member name="P:CSChatworkAPI.Models.RoomInMyTask.RoomId">
            <summary>
            room_id
            </summary>
        </member>
        <member name="P:CSChatworkAPI.Models.RoomInMyTask.Name">
            <summary>
            name
            </summary>
        </member>
        <member name="P:CSChatworkAPI.Models.RoomInMyTask.IconPath">
            <summary>
            icon_path
            </summary>
        </member>
        <member name="M:CSChatworkAPI.Models.RoomInMyTask.ToString">
            <summary>
            formatting members
            </summary>
        </member>
        <member name="T:CSChatworkAPI.Models.RateLimit">
            <summary>
            RateLimit
            </summary>
        </member>
        <member name="P:CSChatworkAPI.Models.RateLimit.Limit">
            <summary>
            limit
            </summary>
        </member>
        <member name="P:CSChatworkAPI.Models.RateLimit.Remaining">
            <summary>
            remaining
            </summary>
        </member>
        <member name="P:CSChatworkAPI.Models.RateLimit.Reset">
            <summary>
            reset
            </summary>
        </member>
        <member name="M:CSChatworkAPI.Models.RateLimit.#ctor(RestSharp.IRestResponse)">
            <summary>
            RateLimit
            </summary>
        </member>
        <member name="M:CSChatworkAPI.Models.RateLimit.ToString">
            <summary>
            formatting members
            </summary>
        </member>
        <member name="T:CSChatworkAPI.Models.Room">
            <summary>
            Room
            </summary>
        </member>
        <member name="P:CSChatworkAPI.Models.Room.RoomId">
            <summary>
            room_id
            </summary>
        </member>
        <member name="P:CSChatworkAPI.Models.Room.Name">
            <summary>
            name
            </summary>
        </member>
        <member name="P:CSChatworkAPI.Models.Room.Type">
            <summary>
            type
            </summary>
        </member>
        <member name="P:CSChatworkAPI.Models.Room.Role">
            <summary>
            role
            </summary>
        </member>
        <member name="P:CSChatworkAPI.Models.Room.Sticky">
            <summary>
            sticky
            </summary>
        </member>
        <member name="P:CSChatworkAPI.Models.Room.UnreadNum">
            <summary>
            unread_num
            </summary>
        </member>
        <member name="P:CSChatworkAPI.Models.Room.MentionNum">
            <summary>
            mention_num
            </summary>
        </member>
        <member name="P:CSChatworkAPI.Models.Room.MyTaskNum">
            <summary>
            mytask_num
            </summary>
        </member>
        <member name="P:CSChatworkAPI.Models.Room.MessageNum">
            <summary>
            message_num
            </summary>
        </member>
        <member name="P:CSChatworkAPI.Models.Room.FileNum">
            <summary>
            file_num
            </summary>
        </member>
        <member name="P:CSChatworkAPI.Models.Room.TaskNum">
            <summary>
            task_num
            </summary>
        </member>
        <member name="P:CSChatworkAPI.Models.Room.IconPath">
            <summary>
            icon_path
            </summary>
        </member>
        <member name="P:CSChatworkAPI.Models.Room.LastUpdateTime">
            <summary>
            last_update_time
            </summary>
        </member>
        <member name="P:CSChatworkAPI.Models.Room.Description">
            <summary>
            description
            </summary>
        </member>
        <member name="M:CSChatworkAPI.Models.Room.ToString">
            <summary>
            formatting members
            </summary>
        </member>
        <member name="T:CSChatworkAPI.Models.ResponseRoomId">
            <summary>
            ResponseRoomId
            </summary>
        </member>
        <member name="P:CSChatworkAPI.Models.ResponseRoomId.RoomId">
            <summary>
            room_id
            </summary>
        </member>
        <member name="M:CSChatworkAPI.Models.ResponseRoomId.ToString">
            <summary>
            formatting members
            </summary>
        </member>
        <member name="T:CSChatworkAPI.Models.AssignedByAccount">
            <summary>
            AssignedByAccount
            </summary>
        </member>
        <member name="P:CSChatworkAPI.Models.AssignedByAccount.AccountId">
            <summary>
            account_id
            </summary>
        </member>
        <member name="P:CSChatworkAPI.Models.AssignedByAccount.Name">
            <summary>
            name
            </summary>
        </member>
        <member name="P:CSChatworkAPI.Models.AssignedByAccount.AvatarImageUrl">
            <summary>
            avatar_image_url
            </summary>
        </member>
        <member name="M:CSChatworkAPI.Models.AssignedByAccount.ToString">
            <summary>
            formatting members
            </summary>
        </member>
        <member name="T:CSChatworkAPI.Models.Task">
            <summary>
            Task
            </summary>
        </member>
        <member name="P:CSChatworkAPI.Models.Task.TaskId">
            <summary>
            task_id
            </summary>
        </member>
        <member name="P:CSChatworkAPI.Models.Task.Account">
            <summary>
            account
            </summary>
        </member>
        <member name="P:CSChatworkAPI.Models.Task.AssignedByAccount">
            <summary>
            assigned_by_account
            </summary>
        </member>
        <member name="P:CSChatworkAPI.Models.Task.MessageId">
            <summary>
            message_id
            </summary>
        </member>
        <member name="P:CSChatworkAPI.Models.Task.Body">
            <summary>
            body
            </summary>
        </member>
        <member name="P:CSChatworkAPI.Models.Task.LimitTime">
            <summary>
            limit_time
            </summary>
        </member>
        <member name="P:CSChatworkAPI.Models.Task.Status">
            <summary>
            status
            </summary>
        </member>
        <member name="M:CSChatworkAPI.Models.Task.ToString">
            <summary>
            formatting members
            </summary>
        </member>
        <member name="T:CSChatworkAPI.Models.TooManyRequestsException">
            <summary>
            TooManyRequestsException
            </summary>
        </member>
        <member name="P:CSChatworkAPI.Models.TooManyRequestsException.RateLimit">
            <summary>
            RateLimit
            </summary>
        </member>
        <member name="M:CSChatworkAPI.Models.TooManyRequestsException.#ctor(CSChatworkAPI.Models.RateLimit)">
            <summary>
            TooManyRequestsException
            </summary>
            <param name="rateLimit">RateLimit</param>
        </member>
        <member name="M:CSChatworkAPI.Models.TooManyRequestsException.ToString">
            <summary>
            formatting members
            </summary>
        </member>
    </members>
</doc>
